id,notary_id,provider_name,bond_amount,effective_date,expiration_date,file_url
1,1,NNA,15000,2024-01-01,2028-01-01,https://files.com/bond_1.pdf
2,2,Liberty,20000,2024-02-01,2028-02-01,https://files.com/bond_2.pdf
3,3,NNA,10000,2024-03-01,2028-03-01,https://files.com/bond_3.pdf
4,4,Liberty,25000,2024-01-15,2028-01-15,https://files.com/bond_4.pdf
5,5,NNA,12000,2024-04-01,2028-04-01,https://files.com/bond_5.pdf
6,6,Liberty,18000,2024-02-10,2028-02-10,https://files.com/bond_6.pdf
7,7,NNA,14000,2024-05-01,2028-05-01,https://files.com/bond_7.pdf
8,8,Liberty,16000,2024-06-01,2028-06-01,https://files.com/bond_8.pdf
9,9,NNA,20000,2024-03-15,2028-03-15,https://files.com/bond_9.pdf
10,10,Liberty,22000,2024-01-20,2028-01-20,https://files.com/bond_10.pdf
11,11,NNA,15000,2024-02-25,2028-02-25,https://files.com/bond_11.pdf
12,12,Liberty,24000,2024-03-10,2028-03-10,https://files.com/bond_12.pdf
13,13,NNA,21000,2024-04-05,2028-04-05,https://files.com/bond_13.pdf
14,14,Liberty,17000,2024-05-15,2028-05-15,https://files.com/bond_14.pdf
15,15,NNA,25000,2024-06-10,2028-06-10,https://files.com/bond_15.pdf
16,16,Liberty,19000,2024-01-30,2028-01-30,https://files.com/bond_16.pdf
17,17,NNA,18000,2024-02-18,2028-02-18,https://files.com/bond_17.pdf
18,18,Liberty,23000,2024-03-22,2028-03-22,https://files.com/bond_18.pdf
19,19,NNA,20000,2024-04-12,2028-04-12,https://files.com/bond_19.pdf
20,20,Liberty,16000,2024-05-20,2028-05-20,https://files.com/bond_20.pdf