id,act_id,notary_id,timestamp
1,201,301,2026-03-20 08:00
2,202,302,2026-03-20 08:15
3,203,303,2026-03-20 08:30
4,204,304,2026-03-20 09:00
5,205,305,2026-03-20 09:15
6,206,306,2026-03-20 09:30
7,207,307,2026-03-20 10:00
8,208,308,2026-03-20 10:15
9,209,309,2026-03-20 10:30
10,210,310,2026-03-20 11:00
11,211,301,2026-03-20 11:15
12,212,302,2026-03-20 11:30
13,213,303,2026-03-20 13:00
14,214,304,2026-03-20 13:15
15,215,305,2026-03-20 13:30
16,216,306,2026-03-20 14:00
17,217,307,2026-03-20 14:15
18,218,308,2026-03-20 14:30
19,219,309,2026-03-20 15:00
20,220,310,2026-03-20 15:15