id,Client_ID,Service_Type,Location_Type,Location_Details,Requested_Start_Time,Requested_End_Time,Signer_Count,Status
1,101,Notarization,Office,"123 Nguyen Van Linh, Da Nang",2026-03-21 08:00,2026-03-21 09:00,2,Pending
2,102,Translation,Home,"45 Le Duan, Da Nang",2026-03-21 09:30,2026-03-21 10:30,1,Assigned
3,103,Certification,Office,"78 Tran Phu, Da Nang",2026-03-21 10:00,2026-03-21 11:00,3,Completed
4,104,Notarization,Home,"22 Hoang Dieu, Da Nang",2026-03-21 13:00,2026-03-21 14:00,2,Pending
5,105,Translation,Office,"90 Bach Dang, Da Nang",2026-03-21 14:30,2026-03-21 15:30,1,Cancelled
6,106,Certification,Home,"15 Hai Phong, Da Nang",2026-03-22 08:00,2026-03-22 09:00,4,Assigned
7,107,Notarization,Office,"200 Nguyen Chi Thanh, Da Nang",2026-03-22 09:00,2026-03-22 10:00,2,Completed
8,108,Translation,Home,"55 Phan Chau Trinh, Da Nang",2026-03-22 10:30,2026-03-22 11:30,1,Pending
9,109,Certification,Office,"300 Le Loi, Da Nang",2026-03-22 13:00,2026-03-22 14:00,2,Assigned
10,110,Notarization,Home,"12 Ong Ich Khiem, Da Nang",2026-03-22 14:30,2026-03-22 15:30,3,Completed
11,111,Translation,Office,"66 Hung Vuong, Da Nang",2026-03-23 08:00,2026-03-23 09:00,1,Pending
12,112,Certification,Home,"99 Ly Thai To, Da Nang",2026-03-23 09:30,2026-03-23 10:30,2,Assigned
13,113,Notarization,Office,"150 Ton Duc Thang, Da Nang",2026-03-23 10:00,2026-03-23 11:00,2,Completed
14,114,Translation,Home,"88 Nguyen Tat Thanh, Da Nang",2026-03-23 13:00,2026-03-23 14:00,1,Cancelled
15,115,Certification,Office,"10 Vo Nguyen Giap, Da Nang",2026-03-23 14:30,2026-03-23 15:30,3,Pending
16,116,Notarization,Home,"45 Pham Van Dong, Da Nang",2026-03-24 08:00,2026-03-24 09:00,2,Assigned
17,117,Translation,Office,"77 Nguyen Huu Tho, Da Nang",2026-03-24 09:30,2026-03-24 10:30,1,Completed
18,118,Certification,Home,"23 Tran Hung Dao, Da Nang",2026-03-24 10:00,2026-03-24 11:00,2,Pending
19,119,Notarization,Office,"11 Phan Dang Luu, Da Nang",2026-03-24 13:00,2026-03-24 14:00,3,Assigned
20,120,Translation,Home,"5 Ngo Quyen, Da Nang",2026-03-24 14:30,2026-03-24 15:30,1,Completed